Country Name;Country Code;IndicatorName;IndicatorCode;1960;1961;1962;1963;1964;1965;1966;1967;1968;1969;1970;1971;1972;1973;1974;1975;1976;1977;1978;1979;1980;1981;1982;1983;1984;1985;1986;1987;1988;1989;1990;1991;1992;1993;1994;1995;1996;1997;1998;1999;2000;2001;2002;2003;2004;2005;2006;2007;2008;2009;2010;2011;2012;2013;2014;2015;2016;2017;2018;2019;2020;2021;Column67
Aruba;ABW;Poverty headcount ratio at $1.90 a day (2011 PPP) (% of population);SI.POV.DDAY;;;;;;;;;;;;;;;;;;;;;;;;;;;;;;;;;;;;;;;;;;;;;;;;;;;;;;;;;;;;;;;
Africa Eastern and Southern;AFE;Poverty headcount ratio at $1.90 a day (2011 PPP) (% of population);SI.POV.DDAY;;;;;;;;;;;;;;;;;;;;;;;;;;;;;;;;;;;;;;;;;;;;;;;;;;;;;;;;;;;;;;;
Afghanistan;AFG;Poverty headcount ratio at $1.90 a day (2011 PPP) (% of population);SI.POV.DDAY;;;;;;;;;;;;;;;;;;;;;;;;;;;;;;;;;;;;;;;;;;;;;;;;;;;;;;;;;;;;;;;
Africa Western and Central;AFW;Poverty headcount ratio at $1.90 a day (2011 PPP) (% of population);SI.POV.DDAY;;;;;;;;;;;;;;;;;;;;;;;;;;;;;;;;;;;;;;;;;;;;;;;;;;;;;;;;;;;;;;;
Angola;AGO;Poverty headcount ratio at $1.90 a day (2011 PPP) (% of population);SI.POV.DDAY;;;;;;;;;;;;;;;;;;;;;;;;;;;;;;;;;;;;;;;;;364;;;;;;;;344;;;;;;;;;;499;;;;
Albania;ALB;Poverty headcount ratio at $1.90 a day (2011 PPP) (% of population);SI.POV.DDAY;;;;;;;;;;;;;;;;;;;;;;;;;;;;;;;;;;;;;9;;;;;;16;;;9;;;3;;;;8;;16;2;4;4;1;0;;;
Andorra;AND;Poverty headcount ratio at $1.90 a day (2011 PPP) (% of population);SI.POV.DDAY;;;;;;;;;;;;;;;;;;;;;;;;;;;;;;;;;;;;;;;;;;;;;;;;;;;;;;;;;;;;;;;
Arab World;ARB;Poverty headcount ratio at $1.90 a day (2011 PPP) (% of population);SI.POV.DDAY;;;;;;;;;;;;;;;;;;;;;;;;;;;;;;;;;;;;;;;;;;;;;;;;;;;;;;;;;;;;;;;
United Arab Emirates;ARE;Poverty headcount ratio at $1.90 a day (2011 PPP) (% of population);SI.POV.DDAY;;;;;;;;;;;;;;;;;;;;;;;;;;;;;;;;;;;;;;;;;;;;;;;;;;;;;;0;;;;;0;;;;
Argentina;ARG;Poverty headcount ratio at $1.90 a day (2011 PPP) (% of population);SI.POV.DDAY;;;;;;;;;;;;;;;;;;;;;5;;;;;;12;14;;;;13;25;28;27;49;53;48;56;55;68;107;169;79;57;42;33;26;25;23;14;11;12;1;9;;11;9;14;13;16;;
Armenia;ARM;Poverty headcount ratio at $1.90 a day (2011 PPP) (% of population);SI.POV.DDAY;;;;;;;;;;;;;;;;;;;;;;;;;;;;;;;;;;;;;;;;122;;144;105;79;55;27;21;16;9;13;1;12;9;18;15;13;12;9;14;11;4;;
American Samoa;ASM;Poverty headcount ratio at $1.90 a day (2011 PPP) (% of population);SI.POV.DDAY;;;;;;;;;;;;;;;;;;;;;;;;;;;;;;;;;;;;;;;;;;;;;;;;;;;;;;;;;;;;;;;
Antigua and Barbuda;ATG;Poverty headcount ratio at $1.90 a day (2011 PPP) (% of population);SI.POV.DDAY;;;;;;;;;;;;;;;;;;;;;;;;;;;;;;;;;;;;;;;;;;;;;;;;;;;;;;;;;;;;;;;
Australia;AUS;Poverty headcount ratio at $1.90 a day (2011 PPP) (% of population);SI.POV.DDAY;;;;;;;;;;;;;;;;;;;;;;1;;;;1;;;;7;;;;;;7;;;;;;7;;1;5;;;;4;;3;;;;5;;5;;5;;;;
Austria;AUT;Poverty headcount ratio at $1.90 a day (2011 PPP) (% of population);SI.POV.DDAY;;;;;;;;;;;;;;;;;;;;;;;;;;;;0;;;;;;;2;1;;2;;;2;;;3;1;2;1;4;5;7;5;4;6;3;2;7;7;3;6;6;;;
Azerbaijan;AZE;Poverty headcount ratio at $1.90 a day (2011 PPP) (% of population);SI.POV.DDAY;;;;;;;;;;;;;;;;;;;;;;;;;;;;;;;;;;;;71;;;;;;26;0;0;0;0;;;;;;;;;;;;;;;;;
Burundi;BDI;Poverty headcount ratio at $1.90 a day (2011 PPP) (% of population);SI.POV.DDAY;;;;;;;;;;;;;;;;;;;;;;;;;;;;;;;;;819;;;;;;847;;;;;;;;786;;;;;;;728;;;;;;;;;
Belgium;BEL;Poverty headcount ratio at $1.90 a day (2011 PPP) (% of population);SI.POV.DDAY;;;;;;;;;;;;;;;;;;;;;;;;;;2;;;5;;;;1;;;4;;5;;;3;;;3;1;2;2;2;1;1;1;2;2;1;1;1;1;1;1;1;;;
Benin;BEN;Poverty headcount ratio at $1.90 a day (2011 PPP) (% of population);SI.POV.DDAY;;;;;;;;;;;;;;;;;;;;;;;;;;;;;;;;;;;;;;;;;;;;514;;;;;;;;532;;;;496;;;192;;;;
Burkina Faso;BFA;Poverty headcount ratio at $1.90 a day (2011 PPP) (% of population);SI.POV.DDAY;;;;;;;;;;;;;;;;;;;;;;;;;;;;;;;;;;;832;;;;816;;;;;574;;;;;;554;;;;;438;;;;337;;;;
Bangladesh;BGD;Poverty headcount ratio at $1.90 a day (2011 PPP) (% of population);SI.POV.DDAY;;;;;;;;;;;;;;;;;;;;;;;;388;;342;;;432;;;435;;;;35;;;;;342;;;;;251;;;;;192;;;;;;143;;;;;;
Bulgaria;BGR;Poverty headcount ratio at $1.90 a day (2011 PPP) (% of population);SI.POV.DDAY;;;;;;;;;;;;;;;;;;;;;;;;;;;;;;;;;;;;;;;;;;;;;;;56;18;12;13;2;24;22;18;16;34;19;14;9;9;;;
Bahrain;BHR;Poverty headcount ratio at $1.90 a day (2011 PPP) (% of population);SI.POV.DDAY;;;;;;;;;;;;;;;;;;;;;;;;;;;;;;;;;;;;;;;;;;;;;;;;;;;;;;;;;;;;;;;
Bahamas, The;BHS;Poverty headcount ratio at $1.90 a day (2011 PPP) (% of population);SI.POV.DDAY;;;;;;;;;;;;;;;;;;;;;;;;;;;;;;;;;;;;;;;;;;;;;;;;;;;;;;;;;;;;;;;
Bosnia and Herzegovina;BIH;Poverty headcount ratio at $1.90 a day (2011 PPP) (% of population);SI.POV.DDAY;;;;;;;;;;;;;;;;;;;;;;;;;;;;;;;;;;;;;;;;;;3;;;2;;;1;;;;1;;;;;;;;;;;
Belarus;BLR;Poverty headcount ratio at $1.90 a day (2011 PPP) (% of population);SI.POV.DDAY;;;;;;;;;;;;;;;;;;;;;;;;;;;;;;;;;;;;;;;118;106;73;32;21;14;3;4;1;1;0;0;0;0;0;0;0;0;0;0;0;0;0;;
Belize;BLZ;Poverty headcount ratio at $1.90 a day (2011 PPP) (% of population);SI.POV.DDAY;;;;;;;;;;;;;;;;;;;;;;;;;;;;;;;;;;101;97;;133;16;142;139;;;;;;;;;;;;;;;;;;;;;;;
Bermuda;BMU;Poverty headcount ratio at $1.90 a day (2011 PPP) (% of population);SI.POV.DDAY;;;;;;;;;;;;;;;;;;;;;;;;;;;;;;;;;;;;;;;;;;;;;;;;;;;;;;;;;;;;;;;
Bolivia;BOL;Poverty headcount ratio at $1.90 a day (2011 PPP) (% of population);SI.POV.DDAY;;;;;;;;;;;;;;;;;;;;;;;;;;;;;;;;;;;;;;193;;252;286;228;246;;136;192;161;124;11;103;;72;82;69;57;63;75;65;49;32;44;;
Brazil;BRA;Poverty headcount ratio at $1.90 a day (2011 PPP) (% of population);SI.POV.DDAY;;;;;;;;;;;;;;;;;;;;;;213;217;274;267;231;105;177;20;182;215;;207;198;;129;141;14;127;133;;115;102;11;97;86;72;67;55;54;;47;39;32;29;34;41;47;47;49;17;;
Barbados;BRB;Poverty headcount ratio at $1.90 a day (2011 PPP) (% of population);SI.POV.DDAY;;;;;;;;;;;;;;;;;;;;;;;;;;;;;;;;;;;;;;;;;;;;;;;;;;;;;;;;;;;;;;;
Brunei Darussalam;BRN;Poverty headcount ratio at $1.90 a day (2011 PPP) (% of population);SI.POV.DDAY;;;;;;;;;;;;;;;;;;;;;;;;;;;;;;;;;;;;;;;;;;;;;;;;;;;;;;;;;;;;;;;
Bhutan;BTN;Poverty headcount ratio at $1.90 a day (2011 PPP) (% of population);SI.POV.DDAY;;;;;;;;;;;;;;;;;;;;;;;;;;;;;;;;;;;;;;;;;;;;178;;;;82;;;;;22;;;;;15;;;;;
Botswana;BWA;Poverty headcount ratio at $1.90 a day (2011 PPP) (% of population);SI.POV.DDAY;;;;;;;;;;;;;;;;;;;;;;;;;;409;;;;;;;;333;;;;;;;;;282;;;;;;;172;;;;;;145;;;;;;;
Central African Republic;CAF;Poverty headcount ratio at $1.90 a day (2011 PPP) (% of population);SI.POV.DDAY;;;;;;;;;;;;;;;;;;;;;;;;;;;;;;;;;841;;;;;;;;;;;;;;;;659;;;;;;;;;;;;;;
Canada;CAN;Poverty headcount ratio at $1.90 a day (2011 PPP) (% of population);SI.POV.DDAY;;;;;;;;;;;;22;;;;1;;;;;;5;;;;;;2;;;;2;;;2;;;5;5;;2;;;;2;;;2;;;2;;2;5;2;2;2;2;;;;;
Central Europe and the Baltics;CEB;Poverty headcount ratio at $1.90 a day (2011 PPP) (% of population);SI.POV.DDAY;;;;;;;;;;;;;;;;;;;;;;;;;;;;;;;;;;;;;;;;;;;;;;;;;;;;;;;;;;;;;;;
Switzerland;CHE;Poverty headcount ratio at $1.90 a day (2011 PPP) (% of population);SI.POV.DDAY;;;;;;;;;;;;;;;;;;;;;;;7;;;;;;;;;;5;;;;;;;;0;;0;;;;0;0;1;0;0;0;0;0;0;0;0;0;0;;;;
Channel Islands;CHI;Poverty headcount ratio at $1.90 a day (2011 PPP) (% of population);SI.POV.DDAY;;;;;;;;;;;;;;;;;;;;;;;;;;;;;;;;;;;;;;;;;;;;;;;;;;;;;;;;;;;;;;;
Chile;CHL;Poverty headcount ratio at $1.90 a day (2011 PPP) (% of population);SI.POV.DDAY;;;;;;;;;;;;;;;;;;;;;;;;;;;;114;;;79;;46;;49;;34;;35;;43;;;4;;;15;;;13;;6;;4;;3;;3;;;7;;
China;CHN;Poverty headcount ratio at $1.90 a day (2011 PPP) (% of population);SI.POV.DDAY;;;;;;;;;;;;;;;;;;;;;;;;;;;;;;;663;;;567;;;417;;;403;;;317;;;185;;;149;;112;79;65;19;14;7;5;4;3;1;;;
Cote d'Ivoire;CIV;Poverty headcount ratio at $1.90 a day (2011 PPP) (% of population);SI.POV.DDAY;;;;;;;;;;;;;;;;;;;;;;;;;;76;35;74;119;;;;237;;;216;;;27;;;;244;;;;;;304;;;;;;;298;;;92;;;;
Cameroon;CMR;Poverty headcount ratio at $1.90 a day (2011 PPP) (% of population);SI.POV.DDAY;;;;;;;;;;;;;;;;;;;;;;;;;;;;;;;;;;;;;512;;;;;26;;;;;;318;;;;;;;26;;;;;;;;
Congo, Dem. Rep.;COD;Poverty headcount ratio at $1.90 a day (2011 PPP) (% of population);SI.POV.DDAY;;;;;;;;;;;;;;;;;;;;;;;;;;;;;;;;;;;;;;;;;;;;;943;;;;;;;;772;;;;;;;;;;
Congo, Rep.;COG;Poverty headcount ratio at $1.90 a day (2011 PPP) (% of population);SI.POV.DDAY;;;;;;;;;;;;;;;;;;;;;;;;;;;;;;;;;;;;;;;;;;;;;;551;;;;;;396;;;;;;;;;;;
Colombia;COL;Poverty headcount ratio at $1.90 a day (2011 PPP) (% of population);SI.POV.DDAY;;;;;;;;;;;;;;;;;;;;;;;;;;;;;;;;;9;;;;167;;;204;168;201;132;121;112;98;;;104;9;78;63;62;56;5;46;45;4;42;49;103;;
Comoros;COM;Poverty headcount ratio at $1.90 a day (2011 PPP) (% of population);SI.POV.DDAY;;;;;;;;;;;;;;;;;;;;;;;;;;;;;;;;;;;;;;;;;;;;;15;;;;;;;;;;191;;;;;;;;
Cabo Verde;CPV;Poverty headcount ratio at $1.90 a day (2011 PPP) (% of population);SI.POV.DDAY;;;;;;;;;;;;;;;;;;;;;;;;;;;;;;;;;;;;;;;;;;166;;;;;;84;;;;;;;;34;;;;;;;
Costa Rica;CRI;Poverty headcount ratio at $1.90 a day (2011 PPP) (% of population);SI.POV.DDAY;;;;;;;;;;;;;;;;;;;;;;252;;;;;135;;;104;102;118;97;81;68;7;81;66;51;66;67;49;46;46;44;32;32;18;23;24;15;16;16;16;15;15;13;11;15;1;21;;
Caribbean small states;CSS;Poverty headcount ratio at $1.90 a day (2011 PPP) (% of population);SI.POV.DDAY;;;;;;;;;;;;;;;;;;;;;;;;;;;;;;;;;;;;;;;;;;;;;;;;;;;;;;;;;;;;;;;
Cuba;CUB;Poverty headcount ratio at $1.90 a day (2011 PPP) (% of population);SI.POV.DDAY;;;;;;;;;;;;;;;;;;;;;;;;;;;;;;;;;;;;;;;;;;;;;;;;;;;;;;;;;;;;;;;
Curacao;CUW;Poverty headcount ratio at $1.90 a day (2011 PPP) (% of population);SI.POV.DDAY;;;;;;;;;;;;;;;;;;;;;;;;;;;;;;;;;;;;;;;;;;;;;;;;;;;;;;;;;;;;;;;
Cayman Islands;CYM;Poverty headcount ratio at $1.90 a day (2011 PPP) (% of population);SI.POV.DDAY;;;;;;;;;;;;;;;;;;;;;;;;;;;;;;;;;;;;;;;;;;;;;;;;;;;;;;;;;;;;;;;
Cyprus;CYP;Poverty headcount ratio at $1.90 a day (2011 PPP) (% of population);SI.POV.DDAY;;;;;;;;;;;;;;;;;;;;;;;;;;;;;;;;;;;;;;;;;;;;;1;0;0;0;0;1;0;0;0;1;1;0;0;0;0;2;;;
Czech Republic;CZE;Poverty headcount ratio at $1.90 a day (2011 PPP) (% of population);SI.POV.DDAY;;;;;;;;;;;;;;;;;;;;;;;;;;;;;;;;;0;0;;;0;;;;;;0;;0;0;1;1;0;0;0;0;0;0;0;0;0;0;0;0;;;
Germany;DEU;Poverty headcount ratio at $1.90 a day (2011 PPP) (% of population);SI.POV.DDAY;;;;;;;;;;;;;;;;;;;;;;;;;;;;;;;;0;0;0;2;2;0;0;0;0;0;0;0;0;0;0;0;0;0;0;0;0;0;0;0;0;0;2;0;;;;
Djibouti;DJI;Poverty headcount ratio at $1.90 a day (2011 PPP) (% of population);SI.POV.DDAY;;;;;;;;;;;;;;;;;;;;;;;;;;;;;;;;;;;;;;;;;;;202;;;;;;;;;;182;223;;;;17;;;;;
Dominica;DMA;Poverty headcount ratio at $1.90 a day (2011 PPP) (% of population);SI.POV.DDAY;;;;;;;;;;;;;;;;;;;;;;;;;;;;;;;;;;;;;;;;;;;;;;;;;;;;;;;;;;;;;;;
Denmark;DNK;Poverty headcount ratio at $1.90 a day (2011 PPP) (% of population);SI.POV.DDAY;;;;;;;;;;;;;;;;;;;;;;;;;;;;5;;;;;5;;;0;;;;;0;;;3;3;3;1;0;1;5;1;0;0;3;2;2;3;1;2;3;;;
Dominican Republic;DOM;Poverty headcount ratio at $1.90 a day (2011 PPP) (% of population);SI.POV.DDAY;;;;;;;;;;;;;;;;;;;;;;;;;;;55;;;141;;;56;;;;53;56;;;55;41;59;69;9;59;47;45;39;35;27;29;26;22;21;18;16;7;4;6;8;;
Algeria;DZA;Poverty headcount ratio at $1.90 a day (2011 PPP) (% of population);SI.POV.DDAY;;;;;;;;;;;;;;;;;;;;;;;;;;;;;63;;;;;;;56;;;;;;;;;;;;;;;;4;;;;;;;;;;;
East Asia & Pacific (excluding high income);EAP;Poverty headcount ratio at $1.90 a day (2011 PPP) (% of population);SI.POV.DDAY;;;;;;;;;;;;;;;;;;;;;;;;;;;;;;;;;;;;;;;;;;;;;;;;;;;;;;;;;;;;;;;
Early-demographic dividend;EAR;Poverty headcount ratio at $1.90 a day (2011 PPP) (% of population);SI.POV.DDAY;;;;;;;;;;;;;;;;;;;;;;;;;;;;;;;;;;;;;;;;;;;;;;;;;;;;;;;;;;;;;;;
East Asia & Pacific;EAS;Poverty headcount ratio at $1.90 a day (2011 PPP) (% of population);SI.POV.DDAY;;;;;;;;;;;;;;;;;;;;;;802;78;748;697;657;628;588;533;634;609;589;561;532;497;446;402;401;414;379;348;327;291;259;225;183;178;157;147;129;108;81;69;33;26;21;17;15;12;9;;;
Europe & Central Asia (excluding high income);ECA;Poverty headcount ratio at $1.90 a day (2011 PPP) (% of population);SI.POV.DDAY;;;;;;;;;;;;;;;;;;;;;;;;;;;;;;;;;;;;;;;;;;;;;;;;;;;;;;;;;;;;;;;
Europe & Central Asia;ECS;Poverty headcount ratio at $1.90 a day (2011 PPP) (% of population);SI.POV.DDAY;;;;;;;;;;;;;;;;;;;;;;;;;;;;;;;23;28;42;51;67;68;68;6;6;78;74;66;57;58;48;47;4;33;27;25;24;2;19;16;18;15;13;13;1;11;;;
Ecuador;ECU;Poverty headcount ratio at $1.90 a day (2011 PPP) (% of population);SI.POV.DDAY;;;;;;;;;;;;;;;;;;;;;;;;;;;;;;;;;;;173;;;;;219;284;;;149;151;118;82;85;75;73;57;47;45;32;26;35;36;32;33;36;65;;
Egypt, Arab Rep.;EGY;Poverty headcount ratio at $1.90 a day (2011 PPP) (% of population);SI.POV.DDAY;;;;;;;;;;;;;;;;;;;;;;;;;;;;;;;87;;;;;56;;;;24;;;;;52;;;;47;;22;;15;;;16;;38;;;;;
Euro area;EMU;Poverty headcount ratio at $1.90 a day (2011 PPP) (% of population);SI.POV.DDAY;;;;;;;;;;;;;;;;;;;;;;;;;;;;;;;;;;;;;;;;;;;;;;;;;;;;;;;;;;;;;;;
Eritrea;ERI;Poverty headcount ratio at $1.90 a day (2011 PPP) (% of population);SI.POV.DDAY;;;;;;;;;;;;;;;;;;;;;;;;;;;;;;;;;;;;;;;;;;;;;;;;;;;;;;;;;;;;;;;
Spain;ESP;Poverty headcount ratio at $1.90 a day (2011 PPP) (% of population);SI.POV.DDAY;;;;;;;;;;;;;;;;;;;;;5;;;;;2;;;;;5;;;;;12;;;;;5;;;8;8;8;8;4;5;8;7;11;9;12;8;9;12;7;9;8;;;
Estonia;EST;Poverty headcount ratio at $1.90 a day (2011 PPP) (% of population);SI.POV.DDAY;;;;;;;;;;;;;;;;;;;;;;;;;;;;;;;;;;;;;;;;;;;;23;1;8;7;4;4;6;7;1;7;8;7;6;5;3;2;5;;;
Ethiopia;ETH;Poverty headcount ratio at $1.90 a day (2011 PPP) (% of population);SI.POV.DDAY;;;;;;;;;;;;;;;;;;;;;;;;;;;;;;;;;;;;69;;;;578;;;;;385;;;;;;356;;;;;308;;;;;;;
European Union;EUU;Poverty headcount ratio at $1.90 a day (2011 PPP) (% of population);SI.POV.DDAY;;;;;;;;;;;;;;;;;;;;;;;;;;;;;;;;;;;;;;;;;;;;;;;;;;;;;;;;;;;;;;;
Fragile and conflict affected situations;FCS;Poverty headcount ratio at $1.90 a day (2011 PPP) (% of population);SI.POV.DDAY;;;;;;;;;;;;;;;;;;;;;;;;;;;;;;;;;;578;584;582;571;563;554;549;;517;504;492;457;437;423;41;397;389;37;363;36;35;339;356;356;351;344;;;;
Finland;FIN;Poverty headcount ratio at $1.90 a day (2011 PPP) (% of population);SI.POV.DDAY;;;;;;;;;;;;;;;;;;;;;;;;;;;;0;;;;0;;;;0;;;;;0;;;0;0;1;1;1;1;1;0;0;1;1;1;1;0;1;1;0;;;
Fiji;FJI;Poverty headcount ratio at $1.90 a day (2011 PPP) (% of population);SI.POV.DDAY;;;;;;;;;;;;;;;;;;;;;;;;;;;;;;;;;;;;;;;;;;;23;;;;;;16;;;;;5;;;;;;18;;;
France;FRA;Poverty headcount ratio at $1.90 a day (2011 PPP) (% of population);SI.POV.DDAY;;;;;;;;;;;;;;;;;;;1;;;;;;15;;;;;1;;;;;0;;;;;;0;;;2;0;0;0;0;0;0;1;0;1;1;0;1;1;0;0;;;;
Faroe Islands;FRO;Poverty headcount ratio at $1.90 a day (2011 PPP) (% of population);SI.POV.DDAY;;;;;;;;;;;;;;;;;;;;;;;;;;;;;;;;;;;;;;;;;;;;;;;;;;;;;;;;;;;;;;;
Micronesia, Fed. Sts.;FSM;Poverty headcount ratio at $1.90 a day (2011 PPP) (% of population);SI.POV.DDAY;;;;;;;;;;;;;;;;;;;;;;;;;;;;;;;;;;;;;;;;;;;;;;81;;;;;;;;154;;;;;;;;;
Gabon;GAB;Poverty headcount ratio at $1.90 a day (2011 PPP) (% of population);SI.POV.DDAY;;;;;;;;;;;;;;;;;;;;;;;;;;;;;;;;;;;;;;;;;;;;;;8;;;;;;;;;;;;34;;;;;
United Kingdom;GBR;Poverty headcount ratio at $1.90 a day (2011 PPP) (% of population);SI.POV.DDAY;;;;;;;;;;2;;;;;2;;;;;2;;;;;;;7;;;;;2;;;2;2;2;2;2;2;2;2;2;2;4;5;2;3;3;2;1;4;2;2;2;1;2;3;;;;;
Georgia;GEO;Poverty headcount ratio at $1.90 a day (2011 PPP) (% of population);SI.POV.DDAY;;;;;;;;;;;;;;;;;;;;;;;;;;;;;;;;;;;;;53;159;145;185;192;19;103;104;99;107;103;116;102;101;12;111;85;64;49;37;38;5;45;38;42;;
Ghana;GHA;Poverty headcount ratio at $1.90 a day (2011 PPP) (% of population);SI.POV.DDAY;;;;;;;;;;;;;;;;;;;;;;;;;;;;405;403;;;479;;;;;;;342;;;;;;;234;;;;;;;112;;;;127;;;;;;
Gibraltar;GIB;Poverty headcount ratio at $1.90 a day (2011 PPP) (% of population);SI.POV.DDAY;;;;;;;;;;;;;;;;;;;;;;;;;;;;;;;;;;;;;;;;;;;;;;;;;;;;;;;;;;;;;;;
Guinea;GIN;Poverty headcount ratio at $1.90 a day (2011 PPP) (% of population);SI.POV.DDAY;;;;;;;;;;;;;;;;;;;;;;;;;;;;;;;;918;;;498;;;;;;;;63;;;;;584;;;;;361;;;;;;232;;;;
Gambia, The;GMB;Poverty headcount ratio at $1.90 a day (2011 PPP) (% of population);SI.POV.DDAY;;;;;;;;;;;;;;;;;;;;;;;;;;;;;;;;;;;;;;;708;;;;;461;;;;;;;254;;;;;103;;;;;;;
Guinea-Bissau;GNB;Poverty headcount ratio at $1.90 a day (2011 PPP) (% of population);SI.POV.DDAY;;;;;;;;;;;;;;;;;;;;;;;;;;;;;;;;443;;441;;;;;;;;;566;;;;;;;;684;;;;;;;;247;;;;
Equatorial Guinea;GNQ;Poverty headcount ratio at $1.90 a day (2011 PPP) (% of population);SI.POV.DDAY;;;;;;;;;;;;;;;;;;;;;;;;;;;;;;;;;;;;;;;;;;;;;;;;;;;;;;;;;;;;;;;
Greece;GRC;Poverty headcount ratio at $1.90 a day (2011 PPP) (% of population);SI.POV.DDAY;;;;;;;;;;;;;;;;;;;;;;;;;;;;;;;;;;;;17;;;;;5;;;5;7;3;6;5;3;6;1;12;15;1;15;14;11;9;1;7;;;
Grenada;GRD;Poverty headcount ratio at $1.90 a day (2011 PPP) (% of population);SI.POV.DDAY;;;;;;;;;;;;;;;;;;;;;;;;;;;;;;;;;;;;;;;;;;;;;;;;;;;;;;;;;;;;;;;
Greenland;GRL;Poverty headcount ratio at $1.90 a day (2011 PPP) (% of population);SI.POV.DDAY;;;;;;;;;;;;;;;;;;;;;;;;;;;;;;;;;;;;;;;;;;;;;;;;;;;;;;;;;;;;;;;
Guatemala;GTM;Poverty headcount ratio at $1.90 a day (2011 PPP) (% of population);SI.POV.DDAY;;;;;;;;;;;;;;;;;;;;;;;;;;;488;;;363;;;;;;;;;135;;93;;;;;;112;;;;;;;;88;;;;;;;;
Guam;GUM;Poverty headcount ratio at $1.90 a day (2011 PPP) (% of population);SI.POV.DDAY;;;;;;;;;;;;;;;;;;;;;;;;;;;;;;;;;;;;;;;;;;;;;;;;;;;;;;;;;;;;;;;
Guyana;GUY;Poverty headcount ratio at $1.90 a day (2011 PPP) (% of population);SI.POV.DDAY;;;;;;;;;;;;;;;;;;;;;;;;;;;;;;;;;289;;;;;;118;;;;;;;;;;;;;;;;;;;;;;;;
High income;HIC;Poverty headcount ratio at $1.90 a day (2011 PPP) (% of population);SI.POV.DDAY;;;;;;;;;;;;;;;;;;;;;;7;7;7;7;7;7;7;6;5;5;5;5;6;6;6;6;6;6;5;5;5;5;6;5;5;5;5;5;5;5;5;5;6;6;7;6;7;6;6;;;
Hong Kong SAR, China;HKG;Poverty headcount ratio at $1.90 a day (2011 PPP) (% of population);SI.POV.DDAY;;;;;;;;;;;;;;;;;;;;;;;;;;;;;;;;;;;;;;;;;;;;;;;;;;;;;;;;;;;;;;;
Honduras;HND;Poverty headcount ratio at $1.90 a day (2011 PPP) (% of population);SI.POV.DDAY;;;;;;;;;;;;;;;;;;;;;;;;;;;;;;429;45;341;292;243;27;282;314;218;266;268;;219;239;285;277;271;23;176;169;142;156;16;19;164;152;149;161;154;158;148;;;
Heavily indebted poor countries (HIPC);HPC;Poverty headcount ratio at $1.90 a day (2011 PPP) (% of population);SI.POV.DDAY;;;;;;;;;;;;;;;;;;;;;;;;;;;;;;;;;;;;;;;;;;;;;;;;;;;;;;;;;;;;;;;
Croatia;HRV;Poverty headcount ratio at $1.90 a day (2011 PPP) (% of population);SI.POV.DDAY;;;;;;;;;;;;;;;;;;;;;;;;;;;;;;;;;;;;;;;;;;;;;;;;;;9;12;7;8;7;1;6;6;5;4;3;;;
Haiti;HTI;Poverty headcount ratio at $1.90 a day (2011 PPP) (% of population);SI.POV.DDAY;;;;;;;;;;;;;;;;;;;;;;;;;;;;;;;;;;;;;;;;;;;;;;;;;;;;;245;;;;;;;;;;
Hungary;HUN;Poverty headcount ratio at $1.90 a day (2011 PPP) (% of population);SI.POV.DDAY;;;;;;;;;;;;;;;;;;;;;;;;;;;;;;;;;;;;;;;;;;;;;1;7;1;1;0;1;1;1;3;1;6;6;13;6;2;3;;;
IBRD only;IBD;Poverty headcount ratio at $1.90 a day (2011 PPP) (% of population);SI.POV.DDAY;;;;;;;;;;;;;;;;;;;;;;;;;;;;;;;;;;;;;;;;;;;;;;;;;;;;;;;;;;;;;;;
IDA & IBRD total;IBT;Poverty headcount ratio at $1.90 a day (2011 PPP) (% of population);SI.POV.DDAY;;;;;;;;;;;;;;;;;;;;;;;;;;;;;;;;;;;;;;;;;;;;;;;;;;;;;;;;;;;;;;;
IDA total;IDA;Poverty headcount ratio at $1.90 a day (2011 PPP) (% of population);SI.POV.DDAY;;;;;;;;;;;;;;;;;;;;;;;;;;;;;;553;558;561;548;544;543;523;51;508;509;508;504;496;488;471;438;416;40;383;369;36;341;331;324;315;305;305;301;29;28;276;;;
IDA blend;IDB;Poverty headcount ratio at $1.90 a day (2011 PPP) (% of population);SI.POV.DDAY;;;;;;;;;;;;;;;;;;;;;;;;;;;;;;;;;;;;;;;;;;;;;;;;;;;;;;;;;;;;;;;
Indonesia;IDN;Poverty headcount ratio at $1.90 a day (2011 PPP) (% of population);SI.POV.DDAY;;;;;;;;;;;;;;;;;;;;;;;;;685;;;682;;;549;;;548;;;436;;632;374;349;312;19;193;21;18;239;193;19;155;133;109;95;73;62;58;52;45;36;27;23;22;
IDA only;IDX;Poverty headcount ratio at $1.90 a day (2011 PPP) (% of population);SI.POV.DDAY;;;;;;;;;;;;;;;;;;;;;;;;;;;;;;;;;;;;;;;;;;;;;;;;;;;;;;;;;;;;;;;
Isle of Man;IMN;Poverty headcount ratio at $1.90 a day (2011 PPP) (% of population);SI.POV.DDAY;;;;;;;;;;;;;;;;;;;;;;;;;;;;;;;;;;;;;;;;;;;;;;;;;;;;;;;;;;;;;;;
India;IND;Poverty headcount ratio at $1.90 a day (2011 PPP) (% of population);SI.POV.DDAY;;;;;;;;;;;;;;;;;;631;;;;;;564;;;;506;;;;;;476;;;;;;;;;;;399;;;;;328;;225;;;;;;;;;;;
Not classified;INX;Poverty headcount ratio at $1.90 a day (2011 PPP) (% of population);SI.POV.DDAY;;;;;;;;;;;;;;;;;;;;;;;;;;;;;;;;;;;;;;;;;;;;;;;;;;;;;;;;;;;;;;;
Ireland;IRL;Poverty headcount ratio at $1.90 a day (2011 PPP) (% of population);SI.POV.DDAY;;;;;;;;;;;;;;;;;;;;;;;;;;;;7;;;;;;;2;2;2;;;;2;;2;1;0;0;4;1;2;4;5;5;2;7;4;3;1;2;0;;;;
Iran, Islamic Rep.;IRN;Poverty headcount ratio at $1.90 a day (2011 PPP) (% of population);SI.POV.DDAY;;;;;;;;;;;;;;;;;;;;;;;;;;;68;;;;62;;;;29;;;;29;;;;;;;6;6;;;11;;;;2;4;4;4;4;5;6;;;
Iraq;IRQ;Poverty headcount ratio at $1.90 a day (2011 PPP) (% of population);SI.POV.DDAY;;;;;;;;;;;;;;;;;;;;;;;;;;;;;;;;;;;;;;;;;;;;;;;15;;;;;;17;;;;;;;;;;
Iceland;ISL;Poverty headcount ratio at $1.90 a day (2011 PPP) (% of population);SI.POV.DDAY;;;;;;;;;;;;;;;;;;;;;;;;;;;;;;;;;;;;;;;;;;;;0;2;0;1;1;1;1;1;1;0;0;0;0;0;0;;;;;
Israel;ISR;Poverty headcount ratio at $1.90 a day (2011 PPP) (% of population);SI.POV.DDAY;;;;;;;;;;;;;;;;;;;;0;;;;;;;2;;;;;;2;;;;;2;;;;2;5;5;5;5;2;5;5;5;2;2;5;5;5;5;2;5;2;;;;
Italy;ITA;Poverty headcount ratio at $1.90 a day (2011 PPP) (% of population);SI.POV.DDAY;;;;;;;;;;;;;;;;;;;;;;;;;;;2;12;;0;;2;;12;;7;;;17;;12;;;8;6;6;7;7;7;9;13;12;12;14;12;19;16;14;15;;;;
Jamaica;JAM;Poverty headcount ratio at $1.90 a day (2011 PPP) (% of population);SI.POV.DDAY;;;;;;;;;;;;;;;;;;;;;;;;;;;;;61;;46;;;98;;;34;;;26;;;27;;17;;;;;;;;;;;;;;;;;;
Jordan;JOR;Poverty headcount ratio at $1.90 a day (2011 PPP) (% of population);SI.POV.DDAY;;;;;;;;;;;;;;;;;;;;;;;;;;;0;;;;;;27;;;;;15;;;;;1;;;;3;;1;;1;;;;;;;;;;;;
Japan;JPN;Poverty headcount ratio at $1.90 a day (2011 PPP) (% of population);SI.POV.DDAY;;;;;;;;;;;;;;;;;;;;;;;;;;;;;;;;;;;;;;;;;;;;;;;;;5;;0;;;7;;;;;;;;;
Kazakhstan;KAZ;Poverty headcount ratio at $1.90 a day (2011 PPP) (% of population);SI.POV.DDAY;;;;;;;;;;;;;;;;;;;;;;;;;;;;;;;;;;;;;59;;;;;89;56;37;18;58;5;2;0;1;1;0;0;0;0;0;0;0;0;;;;
Kenya;KEN;Poverty headcount ratio at $1.90 a day (2011 PPP) (% of population);SI.POV.DDAY;;;;;;;;;;;;;;;;;;;;;;;;;;;;;;;;;317;;317;;;322;;;;;;;;439;;;;;;;;;;371;;;;;;;
Kyrgyz Republic;KGZ;Poverty headcount ratio at $1.90 a day (2011 PPP) (% of population);SI.POV.DDAY;;;;;;;;;;;;;;;;;;;;;;;;;;;;;;;;;;;;;;;;;351;314;283;223;99;121;73;79;29;14;28;9;25;22;9;18;1;11;6;6;11;;
Cambodia;KHM;Poverty headcount ratio at $1.90 a day (2011 PPP) (% of population);SI.POV.DDAY;;;;;;;;;;;;;;;;;;;;;;;;;;;;;;;;;;;;;;;;;;;;;;;;;;;;;;;;;;;;;;;
Kiribati;KIR;Poverty headcount ratio at $1.90 a day (2011 PPP) (% of population);SI.POV.DDAY;;;;;;;;;;;;;;;;;;;;;;;;;;;;;;;;;;;;;;;;;;;;;;;129;;;;;;;;;;;;;13;;;
St. Kitts and Nevis;KNA;Poverty headcount ratio at $1.90 a day (2011 PPP) (% of population);SI.POV.DDAY;;;;;;;;;;;;;;;;;;;;;;;;;;;;;;;;;;;;;;;;;;;;;;;;;;;;;;;;;;;;;;;
Korea, Rep.;KOR;Poverty headcount ratio at $1.90 a day (2011 PPP) (% of population);SI.POV.DDAY;;;;;;;;;;;;;;;;;;;;;;;;;;;;;;;;;;;;;;;;;;;;;;;2;;2;;5;;2;;2;;2;;;;;;
Kuwait;KWT;Poverty headcount ratio at $1.90 a day (2011 PPP) (% of population);SI.POV.DDAY;;;;;;;;;;;;;;;;;;;;;;;;;;;;;;;;;;;;;;;;;;;;;;;;;;;;;;;;;;;;;;;
Latin America & Caribbean (excluding high income);LAC;Poverty headcount ratio at $1.90 a day (2011 PPP) (% of population);SI.POV.DDAY;;;;;;;;;;;;;;;;;;;;;;;;;;;;;;;;;;;;;;;;;;;;;;;;;;;;;;;;;;;;;;;
Lao PDR;LAO;Poverty headcount ratio at $1.90 a day (2011 PPP) (% of population);SI.POV.DDAY;;;;;;;;;;;;;;;;;;;;;;;;;;;;;;;;;311;;;;;507;;;;;321;;;;;257;;;;;145;;;;;;10;;;;
Lebanon;LBN;Poverty headcount ratio at $1.90 a day (2011 PPP) (% of population);SI.POV.DDAY;;;;;;;;;;;;;;;;;;;;;;;;;;;;;;;;;;;;;;;;;;;;;;;;;;;;0;;;;;;;;;;;
Liberia;LBR;Poverty headcount ratio at $1.90 a day (2011 PPP) (% of population);SI.POV.DDAY;;;;;;;;;;;;;;;;;;;;;;;;;;;;;;;;;;;;;;;;;;;;;;;;714;;;;;;;417;;444;;;;;;
Libya;LBY;Poverty headcount ratio at $1.90 a day (2011 PPP) (% of population);SI.POV.DDAY;;;;;;;;;;;;;;;;;;;;;;;;;;;;;;;;;;;;;;;;;;;;;;;;;;;;;;;;;;;;;;;
St. Lucia;LCA;Poverty headcount ratio at $1.90 a day (2011 PPP) (% of population);SI.POV.DDAY;;;;;;;;;;;;;;;;;;;;;;;;;;;;;;;;;;;;347;;;;;;;;;;;;;;;;;;;;;46;;;;;;
Latin America & Caribbean;LCN;Poverty headcount ratio at $1.90 a day (2011 PPP) (% of population);SI.POV.DDAY;;;;;;;;;;;;;;;;;;;;;;138;145;172;17;158;114;14;15;144;156;147;147;146;135;136;153;144;137;139;128;125;119;114;104;98;8;76;71;67;61;56;47;42;4;39;41;41;4;41;;;
Least developed countries: UN classification;LDC;Poverty headcount ratio at $1.90 a day (2011 PPP) (% of population);SI.POV.DDAY;;;;;;;;;;;;;;;;;;;;;;;;;;;;;;;;;;;;;;;;;;;;;;;;;;;;;;;;;;;;;;;
Low income;LIC;Poverty headcount ratio at $1.90 a day (2011 PPP) (% of population);SI.POV.DDAY;;;;;;;;;;;;;;;;;;;;;;;;;;;;;;;;;;;;644;63;624;619;612;603;595;60;586;555;538;53;518;502;506;487;477;473;464;455;465;461;454;442;;;;
Liechtenstein;LIE;Poverty headcount ratio at $1.90 a day (2011 PPP) (% of population);SI.POV.DDAY;;;;;;;;;;;;;;;;;;;;;;;;;;;;;;;;;;;;;;;;;;;;;;;;;;;;;;;;;;;;;;;
Sri Lanka;LKA;Poverty headcount ratio at $1.90 a day (2011 PPP) (% of population);SI.POV.DDAY;;;;;;;;;;;;;;;;;;;;;;;;;;141;;;;;93;;;;;95;;;;;;;88;;;;44;;;28;;;19;;;;9;;;;;;
Lower middle income;LMC;Poverty headcount ratio at $1.90 a day (2011 PPP) (% of population);SI.POV.DDAY;;;;;;;;;;;;;;;;;;;;;;515;514;503;493;484;48;477;466;46;448;444;436;431;424;409;395;394;404;379;;367;35;34;325;308;30;282;27;257;23;198;184;168;154;142;13;119;109;;;;
Low & middle income;LMY;Poverty headcount ratio at $1.90 a day (2011 PPP) (% of population);SI.POV.DDAY;;;;;;;;;;;;;;;;;;;;;;539;531;519;496;475;458;443;42;457;449;443;431;419;405;381;362;359;362;349;336;326;309;294;272;25;241;227;218;208;188;164;154;134;126;12;114;108;;;;;
Lesotho;LSO;Poverty headcount ratio at $1.90 a day (2011 PPP) (% of population);SI.POV.DDAY;;;;;;;;;;;;;;;;;;;;;;;;;;;496;;;;;;;;505;;;;;;;;619;;;;;;;;;;;;;;;272;;;;;
Late-demographic dividend;LTE;Poverty headcount ratio at $1.90 a day (2011 PPP) (% of population);SI.POV.DDAY;;;;;;;;;;;;;;;;;;;;;;;;;;;;;;;;;;;;;;;;;;;;;;;;;;;;;;;;;;;;;;;
Lithuania;LTU;Poverty headcount ratio at $1.90 a day (2011 PPP) (% of population);SI.POV.DDAY;;;;;;;;;;;;;;;;;;;;;;;;;;;;;;;;;;;;;;;;;;;;;27;18;15;13;14;22;15;7;9;7;13;7;13;1;9;5;;;
Luxembourg;LUX;Poverty headcount ratio at $1.90 a day (2011 PPP) (% of population);SI.POV.DDAY;;;;;;;;;;;;;;;;;;;;;;;;;;0;;;;;;0;;;0;;;0;;;0;;;1;0;0;0;0;0;0;0;1;0;1;1;3;1;3;3;1;;;
Latvia;LVA;Poverty headcount ratio at $1.90 a day (2011 PPP) (% of population);SI.POV.DDAY;;;;;;;;;;;;;;;;;;;;;;;;;;;;;;;;;;;;;;;;;;;;;24;23;15;6;12;17;16;1;1;11;8;6;6;8;3;2;;;
Macao SAR, China;MAC;Poverty headcount ratio at $1.90 a day (2011 PPP) (% of population);SI.POV.DDAY;;;;;;;;;;;;;;;;;;;;;;;;;;;;;;;;;;;;;;;;;;;;;;;;;;;;;;;;;;;;;;;
St. Martin (French part);MAF;Poverty headcount ratio at $1.90 a day (2011 PPP) (% of population);SI.POV.DDAY;;;;;;;;;;;;;;;;;;;;;;;;;;;;;;;;;;;;;;;;;;;;;;;;;;;;;;;;;;;;;;;
Morocco;MAR;Poverty headcount ratio at $1.90 a day (2011 PPP) (% of population);SI.POV.DDAY;;;;;;;;;;;;;;;;;;;;;;;;;106;;;;;;29;;;;;;;;64;;58;;;;;;3;;;;;;;9;;;;;;;;;
Monaco;MCO;Poverty headcount ratio at $1.90 a day (2011 PPP) (% of population);SI.POV.DDAY;;;;;;;;;;;;;;;;;;;;;;;;;;;;;;;;;;;;;;;;;;;;;;;;;;;;;;;;;;;;;;;
Moldova;MDA;Poverty headcount ratio at $1.90 a day (2011 PPP) (% of population);SI.POV.DDAY;;;;;;;;;;;;;;;;;;;;;;;;;;;;;;;;;;;;;;154;269;38;351;269;161;74;84;132;24;11;12;1;5;3;3;1;0;0;2;1;0;0;;;
Madagascar;MDG;Poverty headcount ratio at $1.90 a day (2011 PPP) (% of population);SI.POV.DDAY;;;;;;;;;;;;;;;;;;;;;458;;;;;;;;;;;;;699;;;;664;;639;;684;;;;717;;;;;782;;788;;;;;;;;;;
Maldives;MDV;Poverty headcount ratio at $1.90 a day (2011 PPP) (% of population);SI.POV.DDAY;;;;;;;;;;;;;;;;;;;;;;;;;;;;;;;;;;;;;;;;;;;65;;;;;;;35;;;;;;;0;;;0;;;
Middle East & North Africa;MEA;Poverty headcount ratio at $1.90 a day (2011 PPP) (% of population);SI.POV.DDAY;;;;;;;;;;;;;;;;;;;;;;;;;;82;84;86;84;84;66;102;82;67;64;66;59;5;4;37;33;33;;42;33;31;29;28;27;25;21;23;22;23;26;41;49;55;58;;;;
Mexico;MEX;Poverty headcount ratio at $1.90 a day (2011 PPP) (% of population);SI.POV.DDAY;;;;;;;;;;;;;;;;;;;;;;;;;;;;;;91;;;74;;75;;181;;129;;9;;66;;6;66;42;;54;;45;;38;;37;;32;;27;;31;;
Marshall Islands;MHL;Poverty headcount ratio at $1.90 a day (2011 PPP) (% of population);SI.POV.DDAY;;;;;;;;;;;;;;;;;;;;;;;;;;;;;;;;;;;;;;;;;;;;;;;;;;;;;;;;;;;;8;;;
Middle income;MIC;Poverty headcount ratio at $1.90 a day (2011 PPP) (% of population);SI.POV.DDAY;;;;;;;;;;;;;;;;;;;;;;;;;;;;;;;;;;;;;;;;;;;;;;;;;;;;;;;;;;;;;;;
North Macedonia;MKD;Poverty headcount ratio at $1.90 a day (2011 PPP) (% of population);SI.POV.DDAY;;;;;;;;;;;;;;;;;;;;;;;;;;;;;;;;;;;;;;;;;;;;;;;;;;98;104;91;69;52;45;55;43;46;34;;;;
Mali;MLI;Poverty headcount ratio at $1.90 a day (2011 PPP) (% of population);SI.POV.DDAY;;;;;;;;;;;;;;;;;;;;;;;;;;;;;;;;;;;853;;;;;;;588;;;;;521;;;503;;;;;;;;;163;;;;
Malta;MLT;Poverty headcount ratio at $1.90 a day (2011 PPP) (% of population);SI.POV.DDAY;;;;;;;;;;;;;;;;;;;;;;;;;;;;;;;;;;;;;;;;;;;;;;;4;4;1;4;2;2;1;0;0;1;1;2;1;3;;;
Myanmar;MMR;Poverty headcount ratio at $1.90 a day (2011 PPP) (% of population);SI.POV.DDAY;;;;;;;;;;;;;;;;;;;;;;;;;;;;;;;;;;;;;;;;;;;;;;;;;;;;;;;;48;;14;;;;;
Middle East & North Africa (excluding high income);MNA;Poverty headcount ratio at $1.90 a day (2011 PPP) (% of population);SI.POV.DDAY;;;;;;;;;;;;;;;;;;;;;;;;;;;;;;;;;;;;;;;;;;;;;;;;;;;;;;;;;;;;;;;
Montenegro;MNE;Poverty headcount ratio at $1.90 a day (2011 PPP) (% of population);SI.POV.DDAY;;;;;;;;;;;;;;;;;;;;;;;;;;;;;;;;;;;;;;;;;;;;;;;;;;;;;34;32;17;14;25;34;29;;;;
Mongolia;MNG;Poverty headcount ratio at $1.90 a day (2011 PPP) (% of population);SI.POV.DDAY;;;;;;;;;;;;;;;;;;;;;;;;;;;;;;;;;;;;121;;;244;;;;95;;;;;12;;;7;5;4;;2;;5;;5;;;;
Northern Mariana Islands;MNP;Poverty headcount ratio at $1.90 a day (2011 PPP) (% of population);SI.POV.DDAY;;;;;;;;;;;;;;;;;;;;;;;;;;;;;;;;;;;;;;;;;;;;;;;;;;;;;;;;;;;;;;;
Mozambique;MOZ;Poverty headcount ratio at $1.90 a day (2011 PPP) (% of population);SI.POV.DDAY;;;;;;;;;;;;;;;;;;;;;;;;;;;;;;;;;;;;;82;;;;;;798;;;;;;697;;;;;;637;;;;;;;;
Mauritania;MRT;Poverty headcount ratio at $1.90 a day (2011 PPP) (% of population);SI.POV.DDAY;;;;;;;;;;;;;;;;;;;;;;;;;;;;40;;;;;;411;;206;;;;;204;;;;169;;;;109;;;;;;6;;;;;;;;
Mauritius;MUS;Poverty headcount ratio at $1.90 a day (2011 PPP) (% of population);SI.POV.DDAY;;;;;;;;;;;;;;;;;;;;;;;;;;;;;;;;;;;;;;;;;;;;;;;4;;;;;;6;;;;;2;;;;;
Malawi;MWI;Poverty headcount ratio at $1.90 a day (2011 PPP) (% of population);SI.POV.DDAY;;;;;;;;;;;;;;;;;;;;;;;;;;;;;;;;;;;;;;624;;;;;;;725;;;;;;711;;;;;;692;;;735;;;
Malaysia;MYS;Poverty headcount ratio at $1.90 a day (2011 PPP) (% of population);SI.POV.DDAY;;;;;;;;;;;;;;;;;;;;;;;;;29;;;21;;16;;;13;;;18;;4;;;;;;12;;;6;;6;;;1;;0;;0;;;;;;;
North America;NAC;Poverty headcount ratio at $1.90 a day (2011 PPP) (% of population);SI.POV.DDAY;;;;;;;;;;;;;;;;;;;;;;;;;;;;;;;;;;;;;;;;;;;;;;;;;;;;;;;;;;;;;;;
Namibia;NAM;Poverty headcount ratio at $1.90 a day (2011 PPP) (% of population);SI.POV.DDAY;;;;;;;;;;;;;;;;;;;;;;;;;;;;;;;;;;;;;;;;;;;;326;;;;;;235;;;;;;138;;;;;;;
New Caledonia;NCL;Poverty headcount ratio at $1.90 a day (2011 PPP) (% of population);SI.POV.DDAY;;;;;;;;;;;;;;;;;;;;;;;;;;;;;;;;;;;;;;;;;;;;;;;;;;;;;;;;;;;;;;;
Niger;NER;Poverty headcount ratio at $1.90 a day (2011 PPP) (% of population);SI.POV.DDAY;;;;;;;;;;;;;;;;;;;;;;;;;;;;;;;;;785;;816;;;;;;;;;;;753;;724;;;;506;;;454;;;;414;;;;
Nigeria;NGA;Poverty headcount ratio at $1.90 a day (2011 PPP) (% of population);SI.POV.DDAY;;;;;;;;;;;;;;;;;;;;;;;;;;555;;;;;;;586;;;;649;;;;;;;559;;;;;;;435;;425;;;407;;;391;;;;
Nicaragua;NIC;Poverty headcount ratio at $1.90 a day (2011 PPP) (% of population);SI.POV.DDAY;;;;;;;;;;;;;;;;;;;;;;;;;;;;;;;;;;367;;;;;245;;;169;;;;85;;;;74;;;;;34;;;;;;;;
Netherlands;NLD;Poverty headcount ratio at $1.90 a day (2011 PPP) (% of population);SI.POV.DDAY;;;;;;;;;;;;;;;;;;;;;;;;5;;;;2;;;1;;;1;;;;;;2;;;;;2;1;0;0;1;1;0;1;1;1;1;1;0;2;1;1;;;
Norway;NOR;Poverty headcount ratio at $1.90 a day (2011 PPP) (% of population);SI.POV.DDAY;;;;;;;;;;;;;;;;;;;;2;;;;;;;2;;;;;2;;;;2;;;;;2;;;2;3;2;1;1;2;1;2;1;1;1;1;1;3;3;3;2;;;
Nepal;NPL;Poverty headcount ratio at $1.90 a day (2011 PPP) (% of population);SI.POV.DDAY;;;;;;;;;;;;;;;;;;;;;;;;;;;;;;;;;;;;66;;;;;;;;499;;;;;;;15;;;;;;;;;;;;
Nauru;NRU;Poverty headcount ratio at $1.90 a day (2011 PPP) (% of population);SI.POV.DDAY;;;;;;;;;;;;;;;;;;;;;;;;;;;;;;;;;;;;;;;;;;;;;;;;;;;;;9;;;;;;;;;;
New Zealand;NZL;Poverty headcount ratio at $1.90 a day (2011 PPP) (% of population);SI.POV.DDAY;;;;;;;;;;;;;;;;;;;;;;;;;;;;;;;;;;;;;;;;;;;;;;;;;;;;;;;;;;;;;;;
OECD members;OED;Poverty headcount ratio at $1.90 a day (2011 PPP) (% of population);SI.POV.DDAY;;;;;;;;;;;;;;;;;;;;;;;;;;;;;;;;;;;;;;;;;;;;;;;;;;;;;;;;;;;;;;;
Oman;OMN;Poverty headcount ratio at $1.90 a day (2011 PPP) (% of population);SI.POV.DDAY;;;;;;;;;;;;;;;;;;;;;;;;;;;;;;;;;;;;;;;;;;;;;;;;;;;;;;;;;;;;;;;
Other small states;OSS;Poverty headcount ratio at $1.90 a day (2011 PPP) (% of population);SI.POV.DDAY;;;;;;;;;;;;;;;;;;;;;;;;;;;;;;;;;;;;;;;;;;;;;;;;;;;;;;;;;;;;;;;
Pakistan;PAK;Poverty headcount ratio at $1.90 a day (2011 PPP) (% of population);SI.POV.DDAY;;;;;;;;;;;;;;;;;;;;;;;;;;;;641;;;606;;;;;;183;;254;;;282;;;167;166;;119;;;74;72;;57;;38;;;36;;;;
Panama;PAN;Poverty headcount ratio at $1.90 a day (2011 PPP) (% of population);SI.POV.DDAY;;;;;;;;;;;;;;;;;;;;81;;;;;;;;;;239;;219;;;;163;;15;152;134;123;154;111;111;101;99;105;78;52;32;45;3;41;28;35;2;22;25;17;12;;;
Peru;PER;Poverty headcount ratio at $1.90 a day (2011 PPP) (% of population);SI.POV.DDAY;;;;;;;;;;;;;;;;;;;;;;;;;;;;;;;;;;;;;;173;164;17;164;173;151;12;136;154;135;111;91;71;55;52;48;44;37;36;35;34;27;22;44;;
Philippines;PHL;Poverty headcount ratio at $1.90 a day (2011 PPP) (% of population);SI.POV.DDAY;;;;;;;;;;;;;;;;;;;;;;;;;;;;;;;;;;;;;;;;;137;;;13;;;144;;;107;;;104;;;61;;;27;;;;
Palau;PLW;Poverty headcount ratio at $1.90 a day (2011 PPP) (% of population);SI.POV.DDAY;;;;;;;;;;;;;;;;;;;;;;;;;;;;;;;;;;;;;;;;;;;;;;;;;;;;;;;;;;;;;;;
Papua New Guinea;PNG;Poverty headcount ratio at $1.90 a day (2011 PPP) (% of population);SI.POV.DDAY;;;;;;;;;;;;;;;;;;;;;;;;;;;;;;;;;;;;;509;;;;;;;;;;;;;38;;;;;;;;;;;;;
Poland;POL;Poverty headcount ratio at $1.90 a day (2011 PPP) (% of population);SI.POV.DDAY;;;;;;;;;;;;;;;;;;;;;;;;;;;;;;;;;;;;;;;;;;;;;21;9;6;4;2;3;3;3;2;4;3;4;2;3;2;;;;
Pre-demographic dividend;PRE;Poverty headcount ratio at $1.90 a day (2011 PPP) (% of population);SI.POV.DDAY;;;;;;;;;;;;;;;;;;;;;;;;;;;;;;;;;;;;;;;;;;;;;;;;;;;;;;;;;;;;;;;
Puerto Rico;PRI;Poverty headcount ratio at $1.90 a day (2011 PPP) (% of population);SI.POV.DDAY;;;;;;;;;;;;;;;;;;;;;;;;;;;;;;;;;;;;;;;;;;;;;;;;;;;;;;;;;;;;;;;
Korea, Dem. People's Rep.;PRK;Poverty headcount ratio at $1.90 a day (2011 PPP) (% of population);SI.POV.DDAY;;;;;;;;;;;;;;;;;;;;;;;;;;;;;;;;;;;;;;;;;;;;;;;;;;;;;;;;;;;;;;;
Portugal;PRT;Poverty headcount ratio at $1.90 a day (2011 PPP) (% of population);SI.POV.DDAY;;;;;;;;;;;;;;;;;;;;;;;;;;;;;;;;;;;;;;;;;;;;9;5;5;1;3;1;2;1;5;7;8;5;5;4;4;3;1;;;
Paraguay;PRY;Poverty headcount ratio at $1.90 a day (2011 PPP) (% of population);SI.POV.DDAY;;;;;;;;;;;;;;;;;;;;;;;;;;;;;;;1;;;;;119;;104;;99;;86;128;78;54;58;76;74;39;54;52;46;32;17;22;17;15;9;13;9;8;;
West Bank and Gaza;PSE;Poverty headcount ratio at $1.90 a day (2011 PPP) (% of population);SI.POV.DDAY;;;;;;;;;;;;;;;;;;;;;;;;;;;;;;;;;;;;;;;;;;;;;8;7;3;15;;3;2;2;;;;;8;;;;;;
Pacific island small states;PSS;Poverty headcount ratio at $1.90 a day (2011 PPP) (% of population);SI.POV.DDAY;;;;;;;;;;;;;;;;;;;;;;;;;;;;;;;;;;;;;;;;;;;;;;;;;;;;;;;;;;;;;;;
Post-demographic dividend;PST;Poverty headcount ratio at $1.90 a day (2011 PPP) (% of population);SI.POV.DDAY;;;;;;;;;;;;;;;;;;;;;;;;;;;;;;;;;;;;;;;;;;;;;;;;;;;;;;;;;;;;;;;
French Polynesia;PYF;Poverty headcount ratio at $1.90 a day (2011 PPP) (% of population);SI.POV.DDAY;;;;;;;;;;;;;;;;;;;;;;;;;;;;;;;;;;;;;;;;;;;;;;;;;;;;;;;;;;;;;;;
Qatar;QAT;Poverty headcount ratio at $1.90 a day (2011 PPP) (% of population);SI.POV.DDAY;;;;;;;;;;;;;;;;;;;;;;;;;;;;;;;;;;;;;;;;;;;;;;;;;;;;;;;;;;;;;;;
Romania;ROU;Poverty headcount ratio at $1.90 a day (2011 PPP) (% of population);SI.POV.DDAY;;;;;;;;;;;;;;;;;;;;;;;;;;;;;;;;;;;;;;;;;;;;;;;66;49;37;28;38;49;56;6;65;46;28;31;24;2;;;
Russian Federation;RUS;Poverty headcount ratio at $1.90 a day (2011 PPP) (% of population);SI.POV.DDAY;;;;;;;;;;;;;;;;;;;;;;;;;;;;;;;;;;;;;;16;24;45;31;18;11;11;1;8;5;2;1;1;1;0;0;0;0;0;0;0;0;0;0;;
Rwanda;RWA;Poverty headcount ratio at $1.90 a day (2011 PPP) (% of population);SI.POV.DDAY;;;;;;;;;;;;;;;;;;;;;;;;;;;;;;;;;;;;;;;;;78;;;;;691;;;;;632;;;579;;;565;;;;;;
South Asia;SAS;Poverty headcount ratio at $1.90 a day (2011 PPP) (% of population);SI.POV.DDAY;;;;;;;;;;;;;;;;;;;;;;582;578;561;545;531;524;517;504;499;495;489;471;46;452;433;42;;;;;;396;385;368;349;335;318;304;293;259;21;192;171;152;;;;;;;;
Saudi Arabia;SAU;Poverty headcount ratio at $1.90 a day (2011 PPP) (% of population);SI.POV.DDAY;;;;;;;;;;;;;;;;;;;;;;;;;;;;;;;;;;;;;;;;;;;;;;;;;;;;;;;;;;;;;;;
Sudan;SDN;Poverty headcount ratio at $1.90 a day (2011 PPP) (% of population);SI.POV.DDAY;;;;;;;;;;;;;;;;;;;;;;;;;;;;;;;;;;;;;;;;;;;;;;;;;;157;;;;;122;;;;;;;;
Senegal;SEN;Poverty headcount ratio at $1.90 a day (2011 PPP) (% of population);SI.POV.DDAY;;;;;;;;;;;;;;;;;;;;;;;;;;;;;;;;684;;;574;;;;;;;495;;;;383;;;;;;385;;;;;;;76;;;;
Singapore;SGP;Poverty headcount ratio at $1.90 a day (2011 PPP) (% of population);SI.POV.DDAY;;;;;;;;;;;;;;;;;;;;;;;;;;;;;;;;;;;;;;;;;;;;;;;;;;;;;;;;;;;;;;;
Solomon Islands;SLB;Poverty headcount ratio at $1.90 a day (2011 PPP) (% of population);SI.POV.DDAY;;;;;;;;;;;;;;;;;;;;;;;;;;;;;;;;;;;;;;;;;;;;;;486;;;;;;;247;;;;;;;;;;
Sierra Leone;SLE;Poverty headcount ratio at $1.90 a day (2011 PPP) (% of population);SI.POV.DDAY;;;;;;;;;;;;;;;;;;;;;;;;;;;;;;729;;;;;;;;;;;;;;73;;;;;;;;547;;;;;;;43;;;;
El Salvador;SLV;Poverty headcount ratio at $1.90 a day (2011 PPP) (% of population);SI.POV.DDAY;;;;;;;;;;;;;;;;;;;;;;;;;;;;;;182;;209;;;;127;145;;203;165;124;136;141;151;11;106;71;47;7;68;57;47;42;34;31;2;23;19;15;13;;;
San Marino;SMR;Poverty headcount ratio at $1.90 a day (2011 PPP) (% of population);SI.POV.DDAY;;;;;;;;;;;;;;;;;;;;;;;;;;;;;;;;;;;;;;;;;;;;;;;;;;;;;;;;;;;;;;;
Somalia;SOM;Poverty headcount ratio at $1.90 a day (2011 PPP) (% of population);SI.POV.DDAY;;;;;;;;;;;;;;;;;;;;;;;;;;;;;;;;;;;;;;;;;;;;;;;;;;;;;;;;;;686;;;;;
Serbia;SRB;Poverty headcount ratio at $1.90 a day (2011 PPP) (% of population);SI.POV.DDAY;;;;;;;;;;;;;;;;;;;;;;;;;;;;;;;;;;;;;;;;;;;;;;;;;;;;;53;58;69;66;64;54;29;23;;;
Sub-Saharan Africa (excluding high income);SSA;Poverty headcount ratio at $1.90 a day (2011 PPP) (% of population);SI.POV.DDAY;;;;;;;;;;;;;;;;;;;;;;;;;;;;;;;;;;;;;;;;;;;;;;;;;;;;;;;;;;;;;;;
South Sudan;SSD;Poverty headcount ratio at $1.90 a day (2011 PPP) (% of population);SI.POV.DDAY;;;;;;;;;;;;;;;;;;;;;;;;;;;;;;;;;;;;;;;;;;;;;;;;;;449;;;;;;;765;;;;;;
Sub-Saharan Africa;SSF;Poverty headcount ratio at $1.90 a day (2011 PPP) (% of population);SI.POV.DDAY;;;;;;;;;;;;;;;;;;;;;;;;;;;;;;;551;568;583;597;602;597;587;585;584;582;578;571;562;552;527;511;499;487;474;47;453;442;435;425;414;413;409;40;389;383;;;
Small states;SST;Poverty headcount ratio at $1.90 a day (2011 PPP) (% of population);SI.POV.DDAY;;;;;;;;;;;;;;;;;;;;;;;;;;;;;;;;;;;;;;;;;;;;;;;;;;;;;;;;;;;;;;;
Sao Tome and Principe;STP;Poverty headcount ratio at $1.90 a day (2011 PPP) (% of population);SI.POV.DDAY;;;;;;;;;;;;;;;;;;;;;;;;;;;;;;;;;;;;;;;;;314;;;;;;;;;;346;;;;;;;256;;;;;
Suriname;SUR;Poverty headcount ratio at $1.90 a day (2011 PPP) (% of population);SI.POV.DDAY;;;;;;;;;;;;;;;;;;;;;;;;;;;;;;;;;;;;;;;;211;;;;;;;;;;;;;;;;;;;;;;;
Slovak Republic;SVK;Poverty headcount ratio at $1.90 a day (2011 PPP) (% of population);SI.POV.DDAY;;;;;;;;;;;;;;;;;;;;;;;;;;;;;;;;;;;;;;;;;;;;;1;2;2;3;4;4;5;4;3;3;6;7;13;2;2;1;;;
Slovenia;SVN;Poverty headcount ratio at $1.90 a day (2011 PPP) (% of population);SI.POV.DDAY;;;;;;;;;;;;;;;;;;;;;;;;;;;;;;;;;;;;;;;;;;;;;0;1;1;0;0;0;0;0;0;0;0;0;0;0;0;0;;;
Sweden;SWE;Poverty headcount ratio at $1.90 a day (2011 PPP) (% of population);SI.POV.DDAY;;;;;;;;77;;;;;;;;5;;;;;;2;;;;;;2;;;;;2;;;2;;;;;0;;;3;4;1;3;4;6;4;5;5;5;6;5;4;3;2;7;3;;;
Eswatini;SWZ;Poverty headcount ratio at $1.90 a day (2011 PPP) (% of population);SI.POV.DDAY;;;;;;;;;;;;;;;;;;;;;;;;;;;;;;;;;;;821;;;;;;489;;;;;;;;;43;;;;;;;292;;;;;;
Sint Maarten (Dutch part);SXM;Poverty headcount ratio at $1.90 a day (2011 PPP) (% of population);SI.POV.DDAY;;;;;;;;;;;;;;;;;;;;;;;;;;;;;;;;;;;;;;;;;;;;;;;;;;;;;;;;;;;;;;;
Seychelles;SYC;Poverty headcount ratio at $1.90 a day (2011 PPP) (% of population);SI.POV.DDAY;;;;;;;;;;;;;;;;;;;;;;;;;;;;;;;;;;;;;;;;;;;;;;;;;;;;;;12;;;;;5;;;;
Syrian Arab Republic;SYR;Poverty headcount ratio at $1.90 a day (2011 PPP) (% of population);SI.POV.DDAY;;;;;;;;;;;;;;;;;;;;;;;;;;;;;;;;;;;;;21;;;;;;;9;;;;;;;;;;;;;;;;;;;
Turks and Caicos Islands;TCA;Poverty headcount ratio at $1.90 a day (2011 PPP) (% of population);SI.POV.DDAY;;;;;;;;;;;;;;;;;;;;;;;;;;;;;;;;;;;;;;;;;;;;;;;;;;;;;;;;;;;;;;;
Chad;TCD;Poverty headcount ratio at $1.90 a day (2011 PPP) (% of population);SI.POV.DDAY;;;;;;;;;;;;;;;;;;;;;;;;;;;;;;;;;;;;;;;;;;;;60;;;;;;;;381;;;;;;;332;;;;
East Asia & Pacific (IDA & IBRD countries);TEA;Poverty headcount ratio at $1.90 a day (2011 PPP) (% of population);SI.POV.DDAY;;;;;;;;;;;;;;;;;;;;;;;;;;;;;;;;;;;;;;;;;;;;;;;;;;;;;;;;;;;;;;;
Europe & Central Asia (IDA & IBRD countries);TEC;Poverty headcount ratio at $1.90 a day (2011 PPP) (% of population);SI.POV.DDAY;;;;;;;;;;;;;;;;;;;;;;;;;;;;;;;;;;;;;;;;;;;;;;;;;;;;;;;;;;;;;;;
Togo;TGO;Poverty headcount ratio at $1.90 a day (2011 PPP) (% of population);SI.POV.DDAY;;;;;;;;;;;;;;;;;;;;;;;;;;;;;;;;;;;;;;;;;;;;;;;565;;;;;55;;;;511;;;241;;;;
Thailand;THA;Poverty headcount ratio at $1.90 a day (2011 PPP) (% of population);SI.POV.DDAY;;;;;;;;;;;;;;;;;;;;;;193;;;;;;;14;;92;;66;;31;;22;;15;25;24;;11;;7;;7;3;1;2;1;0;1;0;0;0;0;0;0;1;0;;
Tajikistan;TJK;Poverty headcount ratio at $1.90 a day (2011 PPP) (% of population);SI.POV.DDAY;;;;;;;;;;;;;;;;;;;;;;;;;;;;;;;;;;;;;;;;507;;;;27;133;;;92;;4;;;;;;41;;;;;;;
Turkmenistan;TKM;Poverty headcount ratio at $1.90 a day (2011 PPP) (% of population);SI.POV.DDAY;;;;;;;;;;;;;;;;;;;;;;;;;;;;;;;;;;;;;;;498;;;;;;;;;;;;;;;;;;;;;;;;
Latin America & the Caribbean (IDA & IBRD countries);TLA;Poverty headcount ratio at $1.90 a day (2011 PPP) (% of population);SI.POV.DDAY;;;;;;;;;;;;;;;;;;;;;;;;;;;;;;;;;;;;;;;;;;;;;;;;;;;;;;;;;;;;;;;
Timor-Leste;TLS;Poverty headcount ratio at $1.90 a day (2011 PPP) (% of population);SI.POV.DDAY;;;;;;;;;;;;;;;;;;;;;;;;;;;;;;;;;;;;;;;;;;385;;;;;;374;;;;;;;22;;;;;;;;
Middle East & North Africa (IDA & IBRD countries);TMN;Poverty headcount ratio at $1.90 a day (2011 PPP) (% of population);SI.POV.DDAY;;;;;;;;;;;;;;;;;;;;;;;;;;;;;;;;;;;;;;;;;;;;;;;;;;;;;;;;;;;;;;;
Tonga;TON;Poverty headcount ratio at $1.90 a day (2011 PPP) (% of population);SI.POV.DDAY;;;;;;;;;;;;;;;;;;;;;;;;;;;;;;;;;;;;;;;;;25;;;;;;;;;11;;;;;;1;;;;;;;
South Asia (IDA & IBRD);TSA;Poverty headcount ratio at $1.90 a day (2011 PPP) (% of population);SI.POV.DDAY;;;;;;;;;;;;;;;;;;;;;;;;;;;;;;;;;;;;;;;;;;;;;;;;;;;;;;;;;;;;;;;
Sub-Saharan Africa (IDA & IBRD countries);TSS;Poverty headcount ratio at $1.90 a day (2011 PPP) (% of population);SI.POV.DDAY;;;;;;;;;;;;;;;;;;;;;;;;;;;;;;;;;;;;;;;;;;;;;;;;;;;;;;;;;;;;;;;
Trinidad and Tobago;TTO;Poverty headcount ratio at $1.90 a day (2011 PPP) (% of population);SI.POV.DDAY;;;;;;;;;;;;;;;;;;;;;;;;;;;;;4;;;;32;;;;;;;;;;;;;;;;;;;;;;;;;;;;;;
Tunisia;TUN;Poverty headcount ratio at $1.90 a day (2011 PPP) (% of population);SI.POV.DDAY;;;;;;;;;;;;;;;;;;;;;;;;;;151;;;;;107;;;;;118;;;;;6;;;;;34;;;;;2;;;;;2;;;;;;;
Turkey;TUR;Poverty headcount ratio at $1.90 a day (2011 PPP) (% of population);SI.POV.DDAY;;;;;;;;;;;;;;;;;;;;;;;;;;;;22;;;;;;;3;;;;;;;;21;39;2;23;18;13;6;7;8;1;1;3;2;2;2;1;0;4;;;
Tuvalu;TUV;Poverty headcount ratio at $1.90 a day (2011 PPP) (% of population);SI.POV.DDAY;;;;;;;;;;;;;;;;;;;;;;;;;;;;;;;;;;;;;;;;;;;;;;;;;;;33;;;;;;;;;;;;
Tanzania;TZA;Poverty headcount ratio at $1.90 a day (2011 PPP) (% of population);SI.POV.DDAY;;;;;;;;;;;;;;;;;;;;;;;;;;;;;;;;723;;;;;;;;;862;;;;;;;603;;;;496;;;;;;;494;;;;
Uganda;UGA;Poverty headcount ratio at $1.90 a day (2011 PPP) (% of population);SI.POV.DDAY;;;;;;;;;;;;;;;;;;;;;;;;;;;;;;583;;;644;;;;634;;;675;;;656;;;57;;;;453;;;357;;;;413;;;41;;;
Ukraine;UKR;Poverty headcount ratio at $1.90 a day (2011 PPP) (% of population);SI.POV.DDAY;;;;;;;;;;;;;;;;;;;;;;;;;;;;;;;;;27;11;;48;5;;;;;;15;6;5;2;1;1;0;1;0;0;0;0;0;0;0;0;0;0;0;;
Upper middle income;UMC;Poverty headcount ratio at $1.90 a day (2011 PPP) (% of population);SI.POV.DDAY;;;;;;;;;;;;;;;;;;;;;;558;543;527;486;45;417;392;352;437;427;418;397;376;351;315;289;283;279;277;251;237;217;195;164;134;122;11;103;93;8;6;51;23;2;17;16;16;14;14;;;
Uruguay;URY;Poverty headcount ratio at $1.90 a day (2011 PPP) (% of population);SI.POV.DDAY;;;;;;;;;;;;;;;;;;;;;;;;;;;;;;;;;;;;;;;;;;;;;;;5;3;2;2;2;1;2;2;1;1;1;1;1;1;2;;
United States;USA;Poverty headcount ratio at $1.90 a day (2011 PPP) (% of population);SI.POV.DDAY;;;;;;;;;;;;;;;5;;;;;5;;;;;;;5;;;;;5;5;5;5;5;5;7;7;7;7;7;7;1;1;1;1;1;1;1;1;1;1;1;12;12;1;12;1;1;;;
Uzbekistan;UZB;Poverty headcount ratio at $1.90 a day (2011 PPP) (% of population);SI.POV.DDAY;;;;;;;;;;;;;;;;;;;;;;;;;;;;;;;;;;;;;;;399;;615;;575;616;;;;;;;;;;;;;;;;;;;
St. Vincent and the Grenadines;VCT;Poverty headcount ratio at $1.90 a day (2011 PPP) (% of population);SI.POV.DDAY;;;;;;;;;;;;;;;;;;;;;;;;;;;;;;;;;;;;;;;;;;;;;;;;;;;;;;;;;;;;;;;
Venezuela, RB;VEN;Poverty headcount ratio at $1.90 a day (2011 PPP) (% of population);SI.POV.DDAY;;;;;;;;;;;;;;;;;;;;;;6;;;;;;63;;5;;;43;;;94;;;98;111;;93;155;188;158;139;67;;;;;;;;;;;;;;;;
British Virgin Islands;VGB;Poverty headcount ratio at $1.90 a day (2011 PPP) (% of population);SI.POV.DDAY;;;;;;;;;;;;;;;;;;;;;;;;;;;;;;;;;;;;;;;;;;;;;;;;;;;;;;;;;;;;;;;
Virgin Islands (U.S.);VIR;Poverty headcount ratio at $1.90 a day (2011 PPP) (% of population);SI.POV.DDAY;;;;;;;;;;;;;;;;;;;;;;;;;;;;;;;;;;;;;;;;;;;;;;;;;;;;;;;;;;;;;;;
Vietnam;VNM;Poverty headcount ratio at $1.90 a day (2011 PPP) (% of population);SI.POV.DDAY;;;;;;;;;;;;;;;;;;;;;;;;;;;;;;;;;523;;;;;314;;;;;37;;258;;188;;141;;4;;27;;26;;18;;18;;;;
Vanuatu;VUT;Poverty headcount ratio at $1.90 a day (2011 PPP) (% of population);SI.POV.DDAY;;;;;;;;;;;;;;;;;;;;;;;;;;;;;;;;;;;;;;;;;;;;;;;;;;;131;;;;;;;;;86;;;
World;WLD;Poverty headcount ratio at $1.90 a day (2011 PPP) (% of population);SI.POV.DDAY;;;;;;;;;;;;;;;;;;;;;;426;421;413;396;38;367;357;339;369;363;359;35;341;331;312;297;295;298;288;277;269;256;244;226;208;201;189;182;173;157;137;128;112;106;101;96;91;86;;;;
Samoa;WSM;Poverty headcount ratio at $1.90 a day (2011 PPP) (% of population);SI.POV.DDAY;;;;;;;;;;;;;;;;;;;;;;;;;;;;;;;;;;;;;;;;;;;2;;;;;;6;;;;;11;;;;;;;;;
Kosovo;XKX;Poverty headcount ratio at $1.90 a day (2011 PPP) (% of population);SI.POV.DDAY;;;;;;;;;;;;;;;;;;;;;;;;;;;;;;;;;;;;;;;;;;;;19;;35;36;;;32;25;17;6;3;1;7;8;4;;;;;
Yemen, Rep.;YEM;Poverty headcount ratio at $1.90 a day (2011 PPP) (% of population);SI.POV.DDAY;;;;;;;;;;;;;;;;;;;;;;;;;;;;;;;;;;;;;;;7;;;;;;;94;;;;;;;;;183;;;;;;;;
South Africa;ZAF;Poverty headcount ratio at $1.90 a day (2011 PPP) (% of population);SI.POV.DDAY;;;;;;;;;;;;;;;;;;;;;;;;;;;;;;;;;;315;;;;;;;348;;;;;257;;;167;;162;;;;187;;;;;;;;
Zambia;ZMB;Poverty headcount ratio at $1.90 a day (2011 PPP) (% of population);SI.POV.DDAY;;;;;;;;;;;;;;;;;;;;;;;;;;;;;;;;552;;562;;;436;;438;;;;521;;584;;621;;;;658;;;;;587;;;;;;;
Zimbabwe;ZWE;Poverty headcount ratio at $1.90 a day (2011 PPP) (% of population);SI.POV.DDAY;;;;;;;;;;;;;;;;;;;;;;;;;;;;;;;;;;;;;;;;;;;;;;;;;;;;214;;;;;;339;;395;;;
